Date	Account	Main Category	Sub Category	Note	Amount	Type	Description
2025/08/01	Access	Bank Fees	Commission		0.00	Expenses	Opening Balance N-10176246642/Allowance August 2025:UBA::080109252355997 TRF/Feeding funds/FRM ISRAEL MOBOLAJI OLAWUYI TO EMMANUEL OLADAYO OLAWUYI- B99 COMMISSION TRF/Feeding funds/FRM ISRAEL
2025/08/02	Access	Taxes	VAT		25.00	Expenses	MOBOLAJI OLAWUYI TO EMMANUEL OLADAYO OLAWUYI- B99 VAT TRF/Feeding funds/FRM ISRAEL MOBOLAJI OLAWUYI TO EMMANUEL OLADAYO OLAWUYI- B99 TRF//FRM ISRAEL MOBOLAJI OLAWUYI TO OLAYEMI BASIRAT OSENI- C03 COMMISSION TRF//FRM ISRAEL MOBOLAJI OLAWUYI TO OLAYEMI BASIRAT OSENI- C03 VAT TRF//FRM ISRAEL MOBOLAJI OLAWUYI TO OLAYEMI BASIRAT OSENI- C03 money
2025/08/06	Access	Income	Personal Transfer		7850.00	Income	Transfer from OLAYEMI BASIRAT OSENI AT129TRF|2MPT8om45|1953443302562213888AT129
2025/08/07	Access	Transfers	Incoming Transfer		8918.43	Income	TRF|2MPT8om45|1953443302562213888EMMANUEL OLA Trf for
2025/08/07	Access	Bank Charges	SMS Alert Fee		38.24	Expenses	SMS Alert Fee-29/06-28/07/2025 + VAT
2025/08/10	Access	Business Expenses	Commissions Paid		50.00	Expenses	FGN ELECTRONIC MONEY TRANSFER LEVY TRF/Ghostwriting/FRM ISRAEL MOBOLAJI OLAWUYI TO PRINCE-NOBLE ABUNDANCE NEBOLISA- C03 COMMISSION TRF/Ghostwriting/FRM ISRAEL
2025/08/18	Access	Bank Charges			10.00	Expenses	MOBOLAJI OLAWUYI TO PRINCE-NOBLE ABUNDANCE NEBOLISA- C03 VAT TRF/Ghostwriting/FRM ISRAEL MOBOLAJI
2025/08/18	Access	Uncategorized			0.75	Expenses	OLAWUYI TO PRINCE-NOBLE ABUNDANCE NEBOLISA- C03
2025/08/19	Access	Uncategorized			152242.00	Income	EMMANUEL OLADAYO OLAWUYI8161428643 AT129TRF|2MPT8om45|1958069531131990016AT129
2025/08/20	Access	Uncategorized			19078.00	Income	TRF|2MPT8om45|1958069531131990016EMMANUEL OLA Trf for
2025/08/24	Access	Bank Charges			100.00	Expenses	FGN ELECTRONIC MONEY TRANSFER LEVY TRF//FRM ISRAEL MOBOLAJI OLAWUYI TO OLAYEMI BASIRAT OSENI- C03 COMMISSION TRF//FRM ISRAEL MOBOLAJI OLAWUYI TO OLAYEMI BASIRAT OSENI- C03 VAT TRF//FRM ISRAEL MOBOLAJI OLAWUYI TO OLAYEMI BASIRAT OSENI- C03
2025/08/30	Access	Bank Charges			2483.00	Income	Transfer from OLAYEMI BASIRAT OSENI TRF//FRM ISRAEL MOBOLAJI OLAWUYI TO OSENI OLAYEMI BASIRAT- 035 COMMISSION TRF//FRM ISRAEL MOBOLAJI OLAWUYI TO OSENI OLAYEMI BASIRAT- 035 VAT TRF//FRM ISRAEL MOBOLAJI OLAWUYI TO OSENI OLAYEMI BASIRAT- 035
2025/08/30	Access	Bank Charges			77.40	Expenses	SMS Alert Fee-29/07-28/08/2025 + VAT THE ABSOLUTE SUCCESS
2025/08/31	Access	Uncategorized			14000.00	Income	SCHOOLS/REF15998465705 BO THE ABSOLUTE SUCCESS SCHOOLS IF 2802500, +234 0201-2712500-7 or send an email to contactcenter@accessbankplc.com
